CREATE DATABASE cog;
USE cog;
CREATE TABLE users (
    user_id INT PRIMARY KEY,
    full_name VARCHAR(100),
    email VARCHAR(100) UNIQUE,
    city VARCHAR(50),
    registration_date DATE
);
CREATE TABLE events (
    event_id INT PRIMARY KEY,
    title VARCHAR(150),
    description TEXT,
    city VARCHAR(50),
    status VARCHAR(20),
    start_date DATETIME,
    end_date DATETIME,
    organizer_id INT,
    FOREIGN KEY (organizer_id) REFERENCES users(user_id)
);

CREATE TABLE sessions (
    session_id INT PRIMARY KEY,
    event_id INT,
    title VARCHAR(150),
    speaker_name VARCHAR(100),
    start_time DATETIME,
    end_time DATETIME,
    FOREIGN KEY (event_id) REFERENCES events(event_id)
);

CREATE TABLE registrations (
    registration_id INT PRIMARY KEY,
    user_id INT,
    event_id INT,
    registration_date DATE,
    FOREIGN KEY (user_id) REFERENCES users(user_id),
    FOREIGN KEY (event_id) REFERENCES events(event_id)
);
CREATE TABLE feedback (
    feedback_id INT PRIMARY KEY,
    user_id INT,
    event_id INT,
    rating INT CHECK (rating BETWEEN 1 AND 5),
    comments TEXT,
    feedback_date DATE,
    FOREIGN KEY (user_id) REFERENCES users(user_id),
    FOREIGN KEY (event_id) REFERENCES events(event_id)
);
CREATE TABLE resources (
    resource_id INT PRIMARY KEY,
    event_id INT,
    resource_type VARCHAR(20),
    resource_url TEXT,
    uploaded_at DATETIME,
    FOREIGN KEY (event_id) REFERENCES events(event_id)
);

INSERT INTO users VALUES
(1,'Alice Johnson','alice@example.com','New York','2024-12-01'),
(2,'Bob Smith','bob@example.com','Los Angeles','2024-12-05'),
(3,'Charlie Lee','charlie@example.com','Chicago','2024-12-10'),
(4,'Diana King','diana@example.com','New York','2025-01-15'),
(5,'Ethan Hunt','ethan@example.com','Los Angeles','2025-02-01');

INSERT INTO events VALUES
(1,'Tech Innovators Meetup','A meetup for tech enthusiasts','New York','upcoming','2025-06-10 10:00:00','2025-06-10 16:00:00',1),
(2,'AI & ML Conference','Conference on AI and ML advancements','Chicago','completed','2025-05-15 09:00:00','2025-05-15 17:00:00',2),
(3,'Frontend Development Bootcamp','Hands-on training on frontend tech','Los Angeles','upcoming','2025-07-01 10:00:00','2025-07-03 16:00:00',3);

INSERT INTO sessions VALUES
(1,1,'Opening Keynote','Dr. Tech','2025-06-10 10:00:00','2025-06-10 11:00:00'),
(2,1,'Future of Web Dev','Alice Johnson','2025-06-10 11:15:00','2025-06-10 12:30:00'),
(3,2,'AI in Healthcare','Charlie Lee','2025-05-15 09:30:00','2025-05-15 11:00:00'),
(4,3,'Intro to HTML5','Bob Smith','2025-07-01 10:00:00','2025-07-01 12:00:00');

INSERT INTO registrations VALUES
(1,1,1,'2025-05-01'),
(2,2,1,'2025-05-02'),
(3,3,2,'2025-04-30'),
(4,4,2,'2025-04-28'),
(5,5,3,'2025-06-15');

INSERT INTO feedback VALUES
(1,3,2,4,'Great insights!','2025-05-16'),
(2,4,2,5,'Very informative.','2025-05-16'),
(3,2,1,3,'Could be better.','2025-06-11');

INSERT INTO resources VALUES
(1,1,'pdf','https://portal.com/resources/tech_meetup_agenda.pdf','2025-05-01 10:00:00'),
(2,2,'image','https://portal.com/resources/ai_poster.jpg','2025-04-20 09:00:00'),
(3,3,'link','https://portal.com/resources/html5_docs','2025-06-25 15:00:00');